,baseMean,log2FoldChange,lfcSE,stat,pvalue,padj
AATK,356.349726452626,-1.0452870161572,0.324635233870849,-3.21988159970661,0.00128243551634871,0.0177112798450011
ABCA8,244.254989083328,-1.01278911116505,0.247512639181999,-4.09186825574725,4.27911746052005e-05,0.00244979474614773
ADAMTS9-AS1,39.7249738533329,1.40307786084389,0.334279730380939,4.19731659842182,2.70096228045464e-05,0.00180990903662937
ADAMTSL4,5.58147880678386,2.0228964229347,0.699684616945329,2.89115463444977,0.00383829208849625,0.0359958687575453
ADAP1,130.076907272946,-1.01810074973584,0.32840959519983,-3.10009440837546,0.00193458968653136,0.0232032943279833
ADGB,16.6324971462572,2.50467873801976,0.694065821561344,3.60870490983886,0.000307729401127042,0.00710425298557845
ADGRA3,70.397354448502,1.03537007743263,0.329858698524048,3.13882908671315,0.00169624351174486,0.0214285249735018
AEBP1,185.149663028794,1.28483005125212,0.317129338283563,4.05143862818294,5.09036787648228e-05,0.0026243378261634
AGBL4,11.9816335223573,1.62240487987068,0.565904321548824,2.86692435115237,0.00414482074488329,0.0380756817646916
AGPAT4,352.415764872408,-1.00045826145747,0.29880007794521,-3.34825301364519,0.000813227310049977,0.0133242085225659
AIF1L,276.709819290994,-1.13500347613474,0.262242502428671,-4.32806835514184,1.50422789143757e-05,0.00145003585202485
AK7,30.8583790082091,1.37661393806389,0.371454570416448,3.70600888426418,0.000210550916382846,0.00566386214315059
AKR1C2,15.6883399827023,1.34186476866764,0.406332955521821,3.3023773987133,0.000958689871029331,0.0147965817555264
AKR1C3,28.1440804374529,1.54294431007426,0.319338495047821,4.8316890509652,1.35379581233818e-06,0.000390399679381253
ALDH8A1,14.7081595059741,-1.43064111930265,0.429993990767245,-3.32711886682401,0.000877489342093725,0.0139941637884342
ALPK3,15.7326605038239,1.42698954844801,0.466572033937768,3.05845495368535,0.00222481525032029,0.0254150298954802
AMIGO2,11.3808828692284,1.39468696688544,0.506635952761773,2.75283852099862,0.00590810296838432,0.0479620626057242
ANKRD45,13.8605400270133,1.00751154741451,0.364190224471723,2.76644313799461,0.00566714671145292,0.0469356268634665
ANKRD66,7.71404106144393,5.04528262845484,0.86405110699731,5.83910209430534,5.24829026693477e-09,1.03359828517013e-05
ANLN,1354.87142217763,-1.09575574427343,0.268714980818007,-4.07776202479591,4.54712722249574e-05,0.00253047893905236
ANO4,110.424178237539,-1.02843141214699,0.260214242631574,-3.95224873837172,7.7420203232806e-05,0.00324407123929124
ANTXR2,22.981791430603,1.15461579430893,0.359556929819424,3.2112183038408,0.00132173485231791,0.0179766893518985
ANXA2,124.785588305617,1.15120269996182,0.253498288393796,4.54126419257511,5.59179061365513e-06,0.000809740620186207
AOX3P-AOX2P,14.7188282812435,-2.04962729654592,0.722699126453849,-2.83607274662564,0.00456720416503291,0.0406228539091181
APOBEC3F,20.1302282789565,1.07081598364528,0.284781056145081,3.76013769363841,0.000169819859348445,0.0050982199847687
ARMC2,52.4005019835261,1.14139869946898,0.337176540357327,3.3851664124063,0.000711351143833461,0.0122783494124841
ARMC3,88.1609145567626,1.26185734659819,0.339760703218966,3.71395907367474,0.000204041806395025,0.00553516448128087
ASPA,456.346252208407,-1.02728298595208,0.228245887147046,-4.50077326164594,6.77066998163252e-06,0.000888943830788472
AXDND1,7.6398692527605,2.16845154814734,0.710996718976056,3.04987560458822,0.00228936167572257,0.0259118901388967
BANK1,19.1653804447525,1.31533332586275,0.439533034965371,2.99256988946548,0.00276639317954243,0.0290775279394283
BATF2,5.08529559557899,2.33156033576696,0.72162823997515,3.23097158149915,0.00123370205298084,0.0173052195380375
BBC3,26.2440934907596,1.14163167382057,0.406564548177818,2.80799612001896,0.00498508274222599,0.0430975502745385
BCAS1,7743.45428446863,-1.32161302818267,0.272579726013673,-4.84853751785037,1.24375010365725e-06,0.000390399679381253
BICC1,24.6522218504792,1.25789011285596,0.316620099596659,3.97286879278473,7.1012169338464e-05,0.00311049456998673
BMP8A,57.12689466298,-1.13538729382258,0.365263505086983,-3.10840606304809,0.00188099431404692,0.0227824735675523
BTBD3,104.443828332955,-1.01551285855369,0.240764339892209,-4.21787071544039,2.46620146301389e-05,0.00180294317020007
C10orf67,9.27154093050575,1.45557242784589,0.511184245797946,2.84745165722738,0.00440707871233529,0.0396315105756763
C10orf90,169.889760031044,-1.14987246384037,0.273182046534246,-4.20918020941842,2.56298913109239e-05,0.00180990903662937
C1QTNF5,14.4817764989505,1.20157718305949,0.434391662521718,2.76611474558267,0.00567285699315038,0.0469356268634665
C1RL-AS1,14.2644866293567,1.88196436415457,0.510805578359348,3.68430660095615,0.00022932606936623,0.00604437221616049
C1S,74.0550047303336,1.1173400554009,0.324168669107164,3.44678607737853,0.000567297590942979,0.010634120044681
C2orf50,36.7470105695006,1.30754844384344,0.335084307513607,3.90214765217061,9.53429665159813e-05,0.00352821515888663
C9orf24,87.028077105228,1.07299285397767,0.389032071531379,2.75810899022789,0.00581368105833857,0.047508147204531
C9orf47,24.6926368328617,1.41083106099829,0.351907668628361,4.00909439256416,6.09520503778506e-05,0.00285807066700331
CAPN3,397.426290326029,-1.35333764214914,0.306876016287574,-4.41004695812047,1.0334820590957e-05,0.00121151164713278
CAPSL,9.55659739555674,2.17985606009979,0.786638066772084,2.77110421193406,0.00558665437264433,0.0465434413673311
CARMN,5.70250650063233,1.65158927592134,0.584025659024921,2.82793957833771,0.00468486478447629,0.0412399488464032
CARNS1,572.358996986669,-1.04815381670477,0.334361476173727,-3.13479240700616,0.00171975764361319,0.0216000682610448
CASC2,105.226419841551,1.10638730031299,0.263561667759095,4.19783085195935,2.69483786794655e-05,0.00180990903662937
CAVIN2-AS1,54.8295730516118,-1.01408706822608,0.354439385851444,-2.86110152738813,0.00422171832209354,0.0384484051880516
CAVIN4,21.9181894723437,-1.48885841634808,0.412675924715156,-3.60781506063323,0.000308786460630403,0.00710425298557845
CCDC141,74.7734767986716,1.18755880669672,0.282395097369802,4.20530957427206,2.60725032733201e-05,0.00180990903662937
CCDC150,18.3628483763749,-1.08425214077486,0.337294848878979,-3.21455291825072,0.00130647831139124,0.0178927565121969
CCDC153,5.44244530628639,2.6777608064044,0.895700990508988,2.98956999576694,0.00279370430266155,0.0292344381172246
CCDC170,101.761592933784,1.51405175595004,0.320297981241444,4.72700998639369,2.27850063425937e-06,0.000477370122245788
CCDC190,29.5368333394646,1.43423085528343,0.37391990344058,3.83566331207973,0.000125225861732365,0.0042085292166505
CCDC39,24.6165187498239,1.51882292243416,0.393121957553779,3.86349043407575,0.000111778272568634,0.00386203736836259
CCDC40,36.3272002784701,1.74098874770089,0.282193048221508,6.16949552327136,6.85082158561255e-10,6.74600401535268e-06
CCDC65,13.1855223227629,1.43494667160576,0.493315912433886,2.9087784023145,0.0036284394944192,0.0348238242705125
CCDC8,14.9522107563422,1.34456087140569,0.389126594900086,3.45533019081085,0.000549619279487133,0.0104279403566663
CCL19,5.25272998853956,3.20302223688899,0.840826120149698,3.80937528001477,0.000139318361364792,0.00446197037417519
CCN2,31.9875663049841,1.16365237294143,0.326920836263014,3.55943165398381,0.000371658236764203,0.00791155297618548
CD163,49.5019944865162,1.13254425799865,0.375887898006577,3.01298409447285,0.00258692475712705,0.0278094411391158
CD22,211.580702888513,-1.14735478435028,0.341722976695022,-3.35755820532449,0.000786341857227416,0.0130575181587156
CD24,104.074354130731,1.51299921739166,0.334374157036805,4.52486887981932,6.04329609757868e-06,0.000827795077776842
CD276,17.783328835108,1.2042987549632,0.399407784797094,3.01521102192589,0.00256800519607014,0.0277845032303709
CD36,8.18364001044457,2.38618865036445,0.707408266158704,3.37314216487983,0.000743155716535312,0.0125736328878406
CDK18,154.430371716859,-1.12557896290472,0.337308999230859,-3.33693724588225,0.000847070717762866,0.0136353805897412
CDS1,52.0544617058309,1.35761736215402,0.396437279663598,3.42454514698024,0.00061582951401518,0.0111677223287431
CEBPB,62.8272196215084,1.13798422022591,0.322148192961523,3.5324867408517,0.000411670869518053,0.00844306746286792
CENPF,21.8578931841886,1.1817150966191,0.336816261882376,3.5084858730241,0.000450665168099289,0.00909183568209855
CERCAM,440.671338704852,-1.05053357733972,0.287842839651649,-3.64967764565931,0.000262569603720865,0.00645233213403491
CFAP100,17.5564569465537,1.67346196644785,0.441668392902413,3.78895568109536,0.00015128189661708,0.00464296828709757
CFAP107,9.92795406153439,2.07363941758338,0.716598327385391,2.89372628756941,0.00380699863333987,0.0357848407533415
CFAP157,15.6016077819633,1.66929265350454,0.455475380953121,3.66494595165914,0.000247390821981788,0.00621443220422109
CFAP210,240.092585726128,1.4025424005755,0.290668380399751,4.82523210349405,1.39840317260388e-06,0.000390399679381253
CFAP221,44.4598160055387,1.31962956915393,0.304373260009253,4.33556341024771,1.45387254716837e-05,0.0014416699952192
CFAP251,23.6211353355719,1.96727674077338,0.395381997631974,4.97563559432603,6.50338911256406e-07,0.000282347770910333
CFAP276,25.5796011991026,1.54565140120415,0.444541971976343,3.47695268082898,0.000507147313951942,0.00983047165449759
CFAP300,8.98060317017143,2.00425344801538,0.619816802632597,3.23362232114804,0.00122230979938375,0.0172421180297626
CFAP43,144.856657137324,1.56802985913331,0.338356828656891,4.63424918999747,3.58235265435881e-06,0.000608197010128814
CFAP44,189.112435478338,1.15590154990864,0.249356572011238,4.63553673594994,3.56012488731289e-06,0.000608197010128814
CFAP45,63.4931835039261,1.85768570567888,0.397410921513714,4.67447069296202,2.94712715148811e-06,0.000570093317087102
CFAP46,34.1317706827631,1.33751162898985,0.43681699020172,3.06194964708719,0.00219900440485819,0.0252667402271162
CFAP47,41.9872545747255,1.43796170566248,0.357894565966789,4.01783609588505,5.87350270441696e-05,0.00280759131700941
CFAP65,6.99180089798764,2.32430425426222,0.809475864884808,2.87136943186439,0.00408697580590837,0.0377534112130122
CFAP73,8.63168955793808,2.2731385715556,0.629192377300884,3.6127878428962,0.000302922545247704,0.00705172175662918
CFAP74,6.3860210991173,1.72693267095035,0.621129716595206,2.78030920886659,0.00543071610528433,0.0457453049518689
CFAP77,5.6938057212731,2.4823135457571,0.82942889805481,2.99279848047092,0.0027643221129151,0.0290775279394283
CFAP90,48.0173053697006,1.18579883181107,0.379413514211993,3.12534685084655,0.00177595518856464,0.0220527499896545
CFAP91,98.1733297110287,1.16847044658393,0.300805194117268,3.88447563218741,0.00010255097697573,0.00372627110804432
CFAP97D2,5.32154236018914,2.44719940543147,0.723335119828536,3.38321662856847,0.000716420977311224,0.0122783494124841
CITED4,24.1628840156483,1.05953485958809,0.322021633690251,3.29025987305947,0.00100094893301928,0.0151219019411056
CLCA4,20.4627113353062,-1.08624103603621,0.363338448189515,-2.9896121411011,0.00279331891084158,0.0292344381172246
CLDN11,1163.31508435248,-1.03868506354995,0.31477126555612,-3.29980902708784,0.000967506420137097,0.0148627702325897
CLDND1,683.189343773355,-1.24617739004426,0.230763251336918,-5.40024194851035,6.65510784731346e-08,6.50216586691981e-05
CLEC5A,16.2523781724901,1.44908663937356,0.451666730650665,3.20830944817659,0.00133517753470414,0.0181094947441207
CLXN,32.5414953842149,1.83324555120162,0.44490661741892,4.1205176084748,3.7802217317214e-05,0.00231203996225221
CMTM5,65.213052736582,-1.02176320295931,0.296241557428496,-3.44908800719471,0.000562483345957986,0.010610677217717
CNDP1,504.214309687969,-1.50286385505289,0.299224729401803,-5.02252557152396,5.09964049114191e-07,0.000251080799581372
CNTN2,1485.32435405668,-1.0593655599671,0.297654493728518,-3.55904440311698,0.00037220660610805,0.00791155297618548
CNTNAP4,265.002527409698,-1.22475381151099,0.289185027442911,-4.23519095141524,2.28357571378884e-05,0.00174939504975604
COL12A1,18.0369288043883,1.37064663995051,0.413081956340587,3.31809854899691,0.000906325013739979,0.014211118487735
COL20A1,22.3270698611514,-1.57805628702447,0.52331666022884,-3.01549025084432,0.00256564186785781,0.0277845032303709
COL6A2,33.6694402537242,1.33258038170283,0.280374490674836,4.75285885850541,2.00560359968779e-06,0.00043887063658057
COL8A2,16.4319580925007,1.31748659585622,0.407388349392062,3.23398201696804,0.00122077142049262,0.0172421180297626
COQ7-DT,33.1515229363875,-1.21032903504129,0.388347019099589,-3.11661729204855,0.00182938890624638,0.0224333655788394
CPAMD8,45.2913819136925,1.01797911974002,0.250817579174725,4.05864342957747,4.93586135505388e-05,0.00259911373065324
CPOX,184.682526952247,-1.11055842820324,0.252049669937976,-4.40610943262306,1.05243808385597e-05,0.00121921856608586
CPVL-AS2,19.6003223850993,1.25166750716129,0.410182518036463,3.05148915939421,0.00227709270918223,0.0258297003189823
CRHBP,12.677207930112,-1.15547865377787,0.385984112033852,-2.99359123278249,0.00275715063355137,0.0290681609085443
CRIP1,24.7350525452588,1.24074784329995,0.349952197988918,3.54547806937689,0.000391901597112297,0.00817879703630102
CRLF1,101.518539492183,2.07450258070393,0.416652849315916,4.97897130455237,6.39231183820751e-07,0.000282347770910333
CTNNA3,262.389430358403,-1.04661370272163,0.265291659883898,-3.94514363240694,7.97521594958107e-05,0.0032451219609721
CXCL12,40.0261036338572,1.10060914637608,0.348496074577221,3.15816798714673,0.00158764041443439,0.0205163978489966
CYB5R2,63.5052228321889,-1.11878277919716,0.359283441042056,-3.11392803395636,0.00184614513442042,0.0225804340053057
CYP1B1,124.32252006731,1.16447150105364,0.253915186615746,4.58606480602457,4.51678452884943e-06,0.000674647658489438
CYP4F3,101.617407901122,1.20280648952666,0.201934692575889,5.95641330463626,2.57833787021313e-09,8.46296433599624e-06
DACT3,122.013101149514,-1.00427065509569,0.224478758371834,-4.47378924571645,7.68454867148558e-06,0.000970125009847673
DCDC1,22.3403699775703,1.99045364952772,0.534813366687685,3.72177244158163,0.000197829266906285,0.00544272614842679
DCDC2,16.9649040486489,1.47085904597411,0.511008682751465,2.87834452842259,0.0039976827702981,0.0371720323315631
DNAAF1,74.8693884184,1.01633279393692,0.342467124736441,2.9676798750218,0.00300056658442003,0.0306240462973121
DNAAF11,117.816478133606,1.04630282305412,0.254595724446348,4.10966376332297,3.96235634668169e-05,0.00234553631413265
DNAH11,92.7673758177057,1.68193338656747,0.330277292141526,5.09248872564557,3.53393735037249e-07,0.000207240682870415
DNAH5,64.7955483451363,1.19778829719856,0.430509475759289,2.78225768453998,0.00539821599290005,0.045588535919457
DNAH7,78.0482965490144,1.03549421110025,0.322577184740474,3.21006648977159,0.00132704272055012,0.0180239857506994
DNAH9,26.0247799487657,2.22463437511031,0.515713599677705,4.31370120256785,1.60543894473908e-05,0.00146838111596608
DNAI3,34.935265006622,2.22515798344229,0.371524174727243,5.98926835669818,2.10787115054305e-09,8.46296433599624e-06
DNAI7,34.8117048274057,1.34888951509154,0.373027276571754,3.61606134406119,0.000299119520080497,0.00701292836722062
DNM3,1056.83488642787,-1.02368029588253,0.220061483318445,-4.65179221936437,3.29062553142782e-06,0.000604770379419479
DOHH,120.474374666374,-1.13006875964857,0.289662704445634,-3.90132641277148,9.56670506167086e-05,0.00352821515888663
DRC1,47.158263374261,1.30924509531038,0.417036189086286,3.13940403632332,0.00169291852802312,0.0214269521149661
DRC3,24.6840380731148,1.83559529260362,0.435247473679209,4.21736001610089,2.47179169266791e-05,0.00180294317020007
DTHD1,16.4995452840139,2.20142918086082,0.562358112231786,3.91463932497423,9.05394456842696e-05,0.0034473826025739
DUSP7,45.0948376497716,-1.16956777160163,0.354915443059398,-3.29534201588938,0.000983019593000351,0.0150256982363012
DYDC2,14.5190214349842,4.14795430029306,0.774272714752744,5.35722649301631,8.45091562597299e-08,6.93468051407967e-05
DYNLRB2,15.7460444464005,2.3061496637637,0.602837142838522,3.82549365307014,0.000130510297074322,0.00426258234096256
DYRK3,26.5307375605753,1.11217262454265,0.392386671800649,2.83437920926043,0.00459148120512192,0.0407685441179762
DYSF,161.249767830836,-1.23726858814504,0.326732618137018,-3.78679237842787,0.000152604507550884,0.00465231141131132
DZIP1L,33.2072238853582,1.38349272369859,0.30168860372469,4.58583024555051,4.52185898855519e-06,0.000674647658489438
E2F1,10.7748018041805,-1.60552813522115,0.479593694737728,-3.34768399342521,0.00081489873780492,0.0133294150683805
ECM2,46.4137515443102,1.08867696046457,0.349942051539003,3.11102068378665,0.00186441879554821,0.0227214503462417
EDIL3,1053.85734509345,-1.14902961026388,0.271101074470909,-4.23838087881565,2.25137585678098e-05,0.00174939504975604
ELOVL1,186.411443282068,-1.1574818648402,0.308749538188553,-3.74893472434388,0.000177587295939984,0.00515392327253549
EMILIN1,21.6116731467144,1.18586123404506,0.404046680582331,2.93496096128283,0.00333589654707491,0.032627159643534
ENKUR,55.9729563679101,1.0458927400195,0.32128376830589,3.25535505741367,0.00113250686272328,0.0165211778922016
ENPP2,714.051087370299,-1.14109563654778,0.279838757864961,-4.07768975696508,4.54854039009108e-05,0.00253047893905236
ENPP6,109.531388553703,-1.12881713275425,0.357368381297057,-3.15869335909698,0.00158478141109742,0.0205163978489966
ENTPD2,43.1764056786767,1.31762996639097,0.343961392896359,3.83074959458601,0.000127753467777822,0.00426258234096256
EPCAM,10.0599761275407,-1.40551458183708,0.500790250446983,-2.80659334039067,0.00500684045611868,0.0431679247038567
ERBB3,308.220890051131,-1.20110048391818,0.280196226943465,-4.28664046272301,1.81395522064972e-05,0.00155613504740328
ERMN,2547.16937089465,-1.18760136021928,0.274649969969438,-4.32405421472077,1.53187624326841e-05,0.00145003585202485
EYA2,15.0257347141719,1.49160264407563,0.397718338938318,3.75039946123018,0.000176553084681596,0.00515392327253549
FAM216B,7.59427714123661,4.02072339586422,0.913305022125978,4.40238835707356,1.07065687087002e-05,0.00122571436636516
FAM95C,51.5373007633999,-1.10777162196075,0.359035974096049,-3.08540564702409,0.00203274707792289,0.023973577841359
FANK1,28.2604245113533,1.1749973371788,0.397280617603416,2.95760045951131,0.00310043702416052,0.0312167723690273
FBLN1,55.016885922996,1.30203985814174,0.329012215693936,3.95742101975012,7.5763325993851e-05,0.0032438682898103
FBXW4P1,22.2607225683312,1.16421958176264,0.388507657148634,2.99664513772308,0.00272968263516431,0.0288713049500139
FEZF2,25.5422993406043,1.18286670079788,0.322734169522843,3.66514243764994,0.000247200963187651,0.00621443220422109
FHAD1,26.7300269144328,1.57826051499014,0.372394880677281,4.23813698007805,2.25382248937614e-05,0.00174939504975604
FMO2,27.6869622400253,1.62464691107576,0.349027201251504,4.65478594576664,3.24317459904254e-06,0.000604770379419479
FMOD,5.3600737038545,2.01842997387867,0.737762677784822,2.73587975463753,0.00622137550759426,0.0495646315722335
FOLH1,169.861510162972,-1.23206676778011,0.282504347980582,-4.36123116896166,1.29332633169343e-05,0.00133025864557556
FOLR1,5.3862294763284,3.14141517753009,0.998155906888888,3.14721894230075,0.0016483148689589,0.0211340579617686
FOXJ1,23.9007502009264,1.94454579204698,0.584503248370796,3.32683487639645,0.000878384067569195,0.0139941637884342
FRMD4B,591.014265044885,-1.05906686770575,0.259557276450044,-4.08028194081312,4.49811088521995e-05,0.00253047893905236
FRMPD2,39.8111628467533,1.03728613647748,0.317399261631818,3.26807986617414,0.00108279805732457,0.0160094781838964
FSIP1,13.8186767527904,1.42036014963902,0.416174561242039,3.41289516927721,0.000642766623509139,0.01150785989399
FYB2,6.60924136028869,1.59072022113485,0.529807076450429,3.00245182037254,0.00267814362201112,0.0284791363347122
FZD2,5.23012040134036,1.590455513787,0.575196949033037,2.76506249982847,0.00569118903980694,0.0469356268634665
FZD7,11.5857556329973,1.5973131895412,0.521313395134217,3.06401716213326,0.00218386381547582,0.0252535892606791
GALNT6,210.224476617701,-1.12876228650071,0.302808429067746,-3.72764486766705,0.000193277465837272,0.00544272614842679
GFAP,28964.3692491652,1.09826493133791,0.1924622066566,5.70639270128232,1.15395593526901e-08,1.89383401576566e-05
GFPT2,39.6056125506905,1.15283005363596,0.278893672742394,4.13358267435776,3.57151738441834e-05,0.0022258690939473
GJB1,196.370097039857,-1.32655200479305,0.334013650583743,-3.97155027189663,7.14064277497161e-05,0.00311123492943122
GJC2,208.368907791574,-1.03366871423437,0.375492638332293,-2.75283350114476,0.00590819355547309,0.0479620626057242
GLDN,472.507017322978,-1.11994114880522,0.280480089529872,-3.99294349442918,6.5258123613907e-05,0.00294769148268873
GLIS2,11.5526262984754,1.66811618918655,0.550842931010901,3.02829735170649,0.00245935962764318,0.0271190529153442
GMPR,58.9360906967738,1.06573552991216,0.331830202000146,3.21168936247607,0.00131956973737923,0.0179720652890363
GNG8,23.4864741741069,-1.30813683845743,0.361552484396573,-3.61811049546705,0.000296761702295175,0.00697425413484628
GPC6,20.3449169836745,1.21221836753116,0.366781432995814,3.30501562641803,0.00094971104766014,0.0146810120664198
GPIHBP1,184.1058226626,-1.0678157807508,0.34407472285259,-3.10344151961513,0.00191284034774036,0.0230118973111998
GPR143,11.7295516967969,1.35670799003529,0.394984558184975,3.43483805106105,0.000592908046041497,0.0109376415574921
GPR171,9.22050327837536,1.57402465194127,0.458499606816613,3.43299018917335,0.000596963698609708,0.0109465578029977
GPR20,7.3705961989286,2.48365910826346,0.668564440358867,3.7149135645478,0.000203273165480791,0.00553516448128087
GPX8,10.0076183343806,1.42382380875771,0.428237759032523,3.32484415193657,0.000884679724208891,0.0140280857395893
GREM1,147.607610881894,-1.24117121164295,0.262809708818292,-4.72269923825799,2.32734903465143e-06,0.000477445957171095
GSTM5,133.309661251701,1.2076403315878,0.282278188620143,4.27819215324816,1.88417340531612e-05,0.00155911390942419
GUCA1B,10.7509728860846,-1.43650657686995,0.455377409795949,-3.15454070836241,0.00160750950281658,0.020718777584077
HACD1,10.3304897630788,-2.03050076933181,0.518103152419296,-3.91910522036072,8.88783102367792e-05,0.00342375219397904
HAGLR,33.9010130255103,-1.20374124209579,0.32028604784948,-3.75833181051176,0.000171049955685487,0.00511954077092702
HAPLN2,165.203166584953,-1.12804539220529,0.400360465535111,-2.81757438436778,0.00483879049551087,0.0422782342584698
HCG22,17.9760604522231,1.06748957097833,0.342462647213317,3.11709781976135,0.0018264095921025,0.0224333655788394
HCN2,25.4942658083674,-1.07272065654205,0.33658422941798,-3.18707937801185,0.00143717326634452,0.0190725675925801
HES1,221.324634475765,1.09567922589738,0.242434833872767,4.51947935201591,6.1991892969107e-06,0.000827795077776842
HGF,11.9160717760964,1.21778906990886,0.429214294366354,2.83725189466644,0.00455036967176454,0.0405677224827555
HHATL,256.194362360783,-1.08227438204847,0.282224706154059,-3.83479673624919,0.000125668175408588,0.00420902899064069
HHIP,434.619414336703,-1.28254210255345,0.30455719284101,-4.21116996315035,2.54051509658043e-05,0.00180990903662937
HLA-DPB1,141.901021262555,1.08192206137428,0.298301609279686,3.6269400758072,0.000286799819698098,0.00685465491399799
HOATZ,8.03858727202014,2.43136388812936,0.726638545459057,3.34604309573659,0.000819736541041746,0.0133641485424471
HPN,33.4637233813165,-1.53355364919228,0.475170687962472,-3.22737426369489,0.00124931934309278,0.0174249965601057
HS3ST5,41.6670611603214,-1.32582977303899,0.328411979125713,-4.0370932161749,5.41175697236366e-05,0.00270505436075457
ID3,140.83322734747,1.05087497730084,0.290827812369565,3.61339229813914,0.000302216921748134,0.00705172175662918
IGF2,129.884780683822,1.12367905753408,0.300343409588786,3.74131418123194,0.000183060501679286,0.00520981722553738
IGFBP-AS1,13.1020340371614,1.2681105538239,0.424322650137402,2.98855258707794,0.00280302259568919,0.0292834176848742
IGFBP2,10.1262146039499,1.75528776522899,0.629084755126258,2.79022460952292,0.00526714874396801,0.0449052932310415
IGFBP3,34.1317201304498,1.11368256282624,0.341127304466268,3.26471246436496,0.00109575248987043,0.0161283628815458
IGFBP7-AS1,21.3329615395538,2.09747620233539,0.550671945037641,3.80893964407796,0.000139564016984458,0.00446197037417519
IGHG1,14.6187959627581,2.08855308359839,0.581608801331008,3.59099291279422,0.000329420594789998,0.00740594656825824
IGHG2,12.7186140183082,1.86088872402162,0.592670794706921,3.13983537005875,0.00169042802453454,0.0214269521149661
IGHG3,70.7328539979728,2.67011515243642,0.683568013662055,3.90614408379337,9.37806060549519e-05,0.0035043802638741
IGKC,16.0104379557001,2.31771456610446,0.705055679740185,3.28727876776844,0.00101160639044039,0.0151617779705731
IGLC2,27.3714773228966,1.68013168790431,0.558543943937074,3.00805640476804,0.00262924333810197,0.0280500099136404
IGSF3,12.5039837397345,1.59881933896441,0.516930344457477,3.09291059444843,0.00198203837824148,0.0235720926188964
IL20RA,13.9115915477005,1.30651014190941,0.425146010015847,3.07308574261512,0.0021185760603433,0.0247175574244081
IL7R,31.32930018477,1.37534402672658,0.327175190286683,4.20369290691465,2.62595152243402e-05,0.00180990903662937
INHBB,52.0867972382611,1.13247982319639,0.280843635789459,4.03242117277453,5.52051350457981e-05,0.00272734524667967
INPP5A,172.384712064611,-1.12720697798863,0.29640732302628,-3.80289854677002,0.000143012933127617,0.00451361651444758
INS-IGF2,129.884780683822,1.12367905753408,0.300343409588786,3.74131418123194,0.000183060501679286,0.00520981722553738
INTS7,16.4802258692946,-1.29740352157535,0.453221977134432,-2.86262270373203,0.00420150541871972,0.0383786863247988
IQGAP2,53.9241725344206,1.70782976425515,0.290980145697693,5.86923124998866,4.37820417236673e-09,1.03359828517013e-05
IRX3,12.5577420629455,2.63312928583284,0.833629676622598,3.15863189576073,0.00158511564129477,0.0205163978489966
ISLR,18.1001568282053,1.34972285166187,0.464397403415655,2.90639620664246,0.00365618173926046,0.0349467205761643
ISYNA1,30.3848708600696,1.07104974339033,0.278596853515794,3.84444307203782,0.000120826528970065,0.00408858704731349
ITIH5,81.8974174561453,1.01350073683804,0.275234772196863,3.68231357087807,0.000231126877531225,0.00604539942191404
JAG1,65.2633540407921,1.10261009470555,0.230507158481601,4.78340933951325,1.72346644631064e-06,0.000424274352420523
JAKMIP1,43.8464938481637,1.10333778064735,0.337757418939595,3.26665742564985,0.0010882528242051,0.0160660053372528
JAKMIP3-AS1,9.5538222975268,-1.39763508770663,0.48261457144206,-2.89596537363236,0.00377994105702803,0.0355842061076052
KCNJ16,12.824414333961,1.4844143679623,0.486277166041065,3.05260964656716,0.00226860834341144,0.0257658435496799
KCNJ9,80.9626239487901,-1.00523842979403,0.250571508603724,-4.01178264598233,6.0261970825259e-05,0.00284304563005352
KCTD4,51.1267694262917,-1.11632944147684,0.359566205442423,-3.10465617897342,0.00190500325061082,0.0229603023363094
KIAA1671,51.7167519378442,1.1312725684902,0.314727834643653,3.59444715072968,0.000325081120986804,0.00739278013477382
KIAA2012,32.4683620461688,1.93429881730361,0.457929952416402,4.22400589237877,2.39997770229044e-05,0.00179034700261015
KIAA2012-AS1,5.24009064713027,2.91223743490039,0.819402796953145,3.55409750336368,0.000379278571273945,0.00801449805007411
KLF10,12.2557595291827,1.34268683696713,0.440310660898258,3.04940796624814,0.00229292875250844,0.025922467768026
KLF5,6.99300502901426,1.86044715219287,0.646282063547264,2.87869222608685,0.00399327835294472,0.0371661738577001
KLHL4,114.015893210904,-1.37874659527467,0.360383761636637,-3.82577336174435,0.000130362183893533,0.00426258234096256
KLK6,211.462237275909,-1.00770956879612,0.368126302721004,-2.7374017051964,0.0061926623323575,0.049415839535433
LACC1,207.966918145089,-1.03817902801929,0.27948699744898,-3.71458793251663,0.000203535087134177,0.00553516448128087
LINC00320,95.0716134939093,-1.31537428349579,0.283322736514528,-4.64267110955404,3.43933596501379e-06,0.000604770379419479
LINC00463,15.7568173616336,-1.37152290671966,0.383196718785309,-3.57916140583675,0.000344698535335686,0.00759339256700335
LINC00601,32.562225800329,-1.13192048015455,0.360061237482478,-3.14368880157402,0.00166832755251344,0.0212798204787563
LINC00673,16.6173094136805,1.19632133717633,0.356435285951636,3.3563493411779,0.000789787382720216,0.013067954165725
LINC01098,6.10278347163179,-2.00696005734745,0.730635247502082,-2.74687002058675,0.00601669739859988,0.0486823494527634
LINC01102,61.2925558297125,-1.05689920577012,0.325345046369831,-3.24854863340598,0.00115995378059487,0.0167478957148354
LINC01152,21.9674711167432,1.04567921511519,0.324204931622191,3.22536492545944,0.00125812188524429,0.0174982008531081
LINC01315,5.42558140040799,-1.97281550062056,0.650985763076214,-3.03050483208431,0.00244145280374694,0.0269820266649788
LINC01445,35.1106559941653,-1.31947451041441,0.448128541208852,-2.94441078636736,0.00323570216972039,0.0320865652217892
LINC01470,30.6737953241043,-1.34304367739264,0.346352392398587,-3.87767980492841,0.000105457384072939,0.00378992285024173
LINC01549,15.9248652249226,-1.17295473599855,0.370992221878966,-3.16166934729218,0.00156867575854813,0.0204052182224881
LINC01630,23.8978648825482,-1.62157822749021,0.41239700538608,-3.93208051055586,8.42138499555562e-05,0.00335493003561515
LINC01770,278.305962649753,-1.25733633320224,0.353995033474744,-3.55184738288694,0.000382536669137498,0.00806603550534677
LINC01792,77.0631668179776,-1.22112345864839,0.32570588330344,-3.74915996684883,0.000177427888478392,0.00515392327253549
LINC02177,30.6769276039533,1.41561600568267,0.415865806041418,3.40402116528349,0.000664016080208495,0.0117388982797362
LINC02473,32.7683652332144,-1.1622411439872,0.296419647593255,-3.92093153548991,8.82073234086728e-05,0.00342375219397904
LINC02768,5.52643228192858,1.58853500284395,0.548200364504047,2.89772700950515,0.00375877605851177,0.0354527469810013
LINC03002,14.8050310594967,-1.47303968438249,0.448733090622141,-3.28266338089801,0.00102831377532506,0.0153887625313463
LINC03013,107.988911256958,-1.01598767116351,0.30020946018018,-3.38426267631183,0.000713696881955737,0.0122783494124841
LMNTD1,35.6142566390403,1.24426787256186,0.35866418447035,3.46917235240343,0.000522064422167039,0.0100209909650659
LOC100507336,26.7518612508486,-1.53463855234473,0.441170289685143,-3.47856278680956,0.000504110327574614,0.00981022607831468
LOC101926887,97.8408114014353,-1.16730890551285,0.271833113156763,-4.29421159165284,1.75315215984745e-05,0.00154136511768017
LOC101927543,8.00802599040626,1.59949194921903,0.583679474503683,2.74036011045123,0.00613719011309982,0.0491228007386145
LOC101928817,31.1278456622803,1.50947325777112,0.356626149383905,4.23264884075055,2.30954967470585e-05,0.00174939504975604
LOC101929130,16.0264512242018,1.45354205687948,0.516662627129262,2.81332920276391,0.00490314257997877,0.0426136319373794
LOC101929341,85.5458496434992,-1.11424210784358,0.310116437174038,-3.59297984330404,0.000326917885641036,0.00740594656825824
LOC101929372,24.3615804077468,1.09089846236359,0.392636625643749,2.77839200704979,0.00546286688784182,0.045898336386159
LOC101930276,26.9702309681173,-1.02506480308161,0.336691475239821,-3.0445225925351,0.00233049925529576,0.0261968335238554
LOC101930421,38.7559328940854,-1.26746237591052,0.327566282553242,-3.86933101304318,0.000109134392023529,0.00384952389908228
LOC102723663,6.90268950303781,2.02398168948911,0.687308298769701,2.94479448758597,0.00323169241319438,0.0320791080571825
LOC102723724,6.59294584149502,1.69305110821396,0.576004360045005,2.93930259153191,0.00328951747653903,0.032489346631374
LOC102724322,6.90262791029896,-2.76313156533965,0.741742937828659,-3.7251875608392,0.000195170051997228,0.00544272614842679
LOC102724420,6.36408874104426,-1.70028554361023,0.608275711002047,-2.79525470581301,0.00518588395490569,0.0444433414307714
LOC102724528,82.9143765620367,-1.04811053345729,0.3143860886741,-3.33383241566958,0.000856582497857666,0.0137374069322548
LOC102724838,18.0963410644002,-1.35278225695674,0.462908306454437,-2.92235468254638,0.00347395687945803,0.0336031958664275
LOC105369214,4.98507637848664,4.34632576712146,1.09405849685698,3.972663051937,7.10735531884853e-05,0.00311049456998673
LOC105369309,25.9419795095003,1.55715893806018,0.393646387520567,3.95573028846562,7.63012066170062e-05,0.0032438682898103
LOC105369782,262.528344705608,-1.18136040059974,0.287438639351188,-4.10995683554003,3.95733083339774e-05,0.00234553631413265
LOC105370169,29.3235701636644,-1.25731079922651,0.411531093205473,-3.05520243788419,0.00224908657395632,0.0256625208502293
LOC105370182,10.5310817281964,-1.77685850383097,0.589986121869449,-3.01169542463263,0.00259793118689426,0.0278669154655204
LOC105370456,61.233231669005,-1.01785624537302,0.318422816429779,-3.19655562621244,0.00139079006757954,0.0187091663872346
LOC105370532,28.177437951482,-1.03609331835724,0.313309350200297,-3.30693392231948,0.000943231387367493,0.0146267708211145
LOC105371366,33.1775018229431,-1.20708729920322,0.409885205473038,-2.94493990777284,0.00323017392589675,0.0320791080571825
LOC105372143,13.8620999209226,1.25906274426666,0.432017494844181,2.91437906865503,0.00356396859742829,0.0342384378330501
LOC105372511,8.47575313402653,-1.69377981899814,0.59356220814302,-2.85358433498855,0.0043229052116686,0.0392027713919724
LOC105372850,12.6738453784553,1.34394318762768,0.439269730015497,3.05949419182665,0.0022171108666684,0.0254150298954802
LOC105373575,5.11042817937627,1.87263514212602,0.658697287711936,2.84293738119197,0.00446998517177923,0.040050904446324
LOC105374709,9.07220198232649,1.41165421230695,0.5038214901202,2.80189360713884,0.00508036249906183,0.0436149342007514
LOC105374985,8.67795851709166,-1.50331720380658,0.521147892055128,-2.88462685300002,0.00391877843992854,0.036622262642005
LOC105375382,22.3229275546815,-1.13228215756104,0.408819320425205,-2.7696395473271,0.00561183589853976,0.04667208453794
LOC105375483,17.4241507432536,-1.65872837671171,0.367077603175934,-4.51874034907194,6.22086277602177e-06,0.000827795077776842
LOC105375542,45.9684990723659,-1.23980415710182,0.395879549564415,-3.13177116237999,0.00173755248815894,0.0217403803696329
LOC105375544,13.0454737619179,-1.59457626553998,0.48743861933068,-3.2713375639574,0.00107040059977377,0.0159218046918011
LOC105375701,7.37440393816479,1.9986033932442,0.689346821411158,2.89927121032178,0.00374031206345976,0.035414281623931
LOC105376340,6.54996620777837,-2.27103303481026,0.764121286035574,-2.97208450584183,0.00295785259097208,0.0303395567326064
LOC105377116,18.7919642271894,1.38277886807203,0.381935446246845,3.62045178487661,0.000294089052236961,0.00697290559325224
LOC105377382,24.581291241072,-1.39716282195946,0.44536258212411,-3.13713562395799,0.0017060718881432,0.0214829793894451
LOC105377982,4.93476538498578,1.98787159581857,0.70607348921114,2.8153890865376,0.00487182104081716,0.0424538245919704
LOC105378077,11.6972637763912,-1.716279369519,0.627463584349533,-2.73526530037308,0.00623300174886442,0.0496171125473467
LOC105379083,5.14479928504619,1.99813466502537,0.706596193054868,2.82783106485009,0.00468645300691837,0.0412399488464032
LOC105379308,27.6025948727215,1.03127536810793,0.342131771894803,3.014263663373,0.00257603825962205,0.0277845032303709
LOC107983974,5.48780584776694,1.99362295233232,0.693420313829571,2.87505703621817,0.00403954519055728,0.0374904820842766
LOC107984040,26.1701328936021,-1.44787512355898,0.468496077072822,-3.09047438050142,0.00199837043742883,0.0237263396149458
LOC107984104,35.8746497678567,1.00821697734395,0.321522708213634,3.13575667157557,0.00171411359595706,0.0215566750694626
LOC107984440,14.951289197768,1.40873934348372,0.438471198320588,3.21284350917326,0.00131427878694043,0.0179457059820439
LOC107984702,6.3448342121182,2.0824781923575,0.662775832324737,3.14205511243983,0.0016776645391895,0.0213652702815675
LOC107984751,109.755302967865,-1.0583585221206,0.333832384121207,-3.1703291006553,0.00152266373147337,0.0199776153833143
LOC107985012,6.20058416280323,-2.33061695105064,0.734078855869468,-3.17488636597519,0.00149895188938496,0.019732859966275
LOC107985323,20.6060756699462,1.60177537833471,0.410421931291169,3.90275288968012,9.51047866699996e-05,0.00352821515888663
LOC107985544,6.68817067202218,-1.51613512533491,0.543792921492665,-2.78807440371466,0.00530223646739977,0.0451262942908259
LOC107986012,12.1364414521944,1.3814720019512,0.490817269182843,2.81463609512193,0.00488324959178423,0.042478232093904
LOC107986298,238.959577168161,-1.09826221939922,0.251826515645655,-4.36118578134394,1.29359468482343e-05,0.00133025864557556
LOC107986874,12.0333147691355,1.23138027360655,0.445714199057863,2.76271268945303,0.00573232006754402,0.0470384630875883
LOC107987153,24.3311925608507,-1.10528295932728,0.397706100521496,-2.77914509704018,0.00545021740663407,0.0458703340197655
LOC107987250,255.823342079221,-1.01417499108402,0.257051797011349,-3.94541101394925,7.9663213088163e-05,0.0032451219609721
LOC107987299,31.673326888836,1.24235264692809,0.327157225518431,3.79741772464107,0.000146211282753595,0.0045706111151576
LOC112268121,179.787954084395,-1.10480906830208,0.28287096978257,-3.90569972292064,9.39531217287258e-05,0.0035043802638741
LOC112268271,39.3935473442986,-1.08727987501885,0.390142146307021,-2.7868813592962,0.00532179587216464,0.0452440230530457
LOC388780,5.29353303243703,2.83930865243329,0.865813664540124,3.2793530163807,0.00104045393932642,0.0155232574856776
LOC729291,10.1478643230619,1.27429271576959,0.451153838458341,2.82451928176879,0.00473515991179602,0.0415942191359995
LPAR1,487.652577651692,-1.25654914745694,0.263982117783852,-4.75997828188424,1.93613792087253e-06,0.00043887063658057
LRAT,61.0973233917134,1.00173811556137,0.348816073367972,2.87182326745767,0.004081111342925,0.0377534112130122
LRP2,451.61536085685,-1.39368264002954,0.323154956861741,-4.31273793094197,1.61245207001401e-05,0.00146838111596608
LRRC46,13.0148172739423,1.15806223397337,0.373218413077173,3.10290755599432,0.00191629489135613,0.0230118973111998
LRRC55,16.0677182609007,1.38086275787712,0.426101053571996,3.24069313206663,0.0011923946873628,0.016967500702979
LRRC71,6.10359535945417,3.86741956543068,0.79919473382588,4.83914545697353,1.30398587184071e-06,0.000390399679381253
LRRC74B,9.63280140069212,1.35798324306666,0.486652588304406,2.79045724959183,0.00526336505329563,0.0449052932310415
LRRIQ1,177.366975091955,1.41796903026736,0.313319077227542,4.5256389837941,6.02132938216642e-06,0.000827795077776842
LTBP4,66.6012654592091,1.18617043446576,0.338185908212369,3.5074508004659,0.000452422005100872,0.00909183568209855
LTF,37.9819840410424,2.46581767107888,0.537585458177582,4.58683848971291,4.50008537274306e-06,0.000674647658489438
LURAP1L,23.3545053698311,-1.5074198385706,0.412582082774731,-3.6536240944657,0.000258564734081903,0.0063972033580515
LURAP1L-AS1,23.7721694353428,-1.45543069941804,0.423925916264231,-3.43321944608565,0.000596459130483358,0.0109465578029977
LZTFL1,29.8067001723999,1.02719554326304,0.353584379400693,2.90509310678283,0.00367143867773345,0.0349467205761643
MAG,2584.78284210809,-1.2008717756825,0.320267917050858,-3.7495849935284,0.00017712745722028,0.00515392327253549
MAOB,317.617242161824,1.02262974067039,0.298865142657918,3.42170964327178,0.000622287299995484,0.011228734688431
MAP3K19,36.7118672412573,1.74275198917489,0.479365830665395,3.63553653116206,0.000277402677799272,0.00671150901299615
MAP3K8,59.5743301147372,1.04214849502489,0.242862728939111,4.29110098357731,1.77789436178476e-05,0.0015492854673004
MAP6D1,316.384131715412,-1.2441783518728,0.318009094018297,-3.91239865549635,9.13838922422678e-05,0.00346098918042158
MDFIC,35.8675958010232,1.31070228612524,0.339648912780004,3.85899155512447,0.00011385587154972,0.0039200656194059
ME3,15.4145987799459,1.27983667618945,0.429842111773342,2.97745763184858,0.0029064981315756,0.0299375388092311
MFRP,14.4817764989505,1.20157718305949,0.434391662521718,2.76611474558267,0.00567285699315038,0.0469356268634665
MMEL1-AS1,13.6240640536468,2.32591261268126,0.456943961659194,5.09014848174319,3.57783244520875e-07,0.000207240682870415
MOBP,10890.3525953206,-1.22910799247504,0.28438391571004,-4.32200249232187,1.54619441924047e-05,0.00145003585202485
MOG,154.20310877487,-1.59688552953124,0.327848123838502,-4.87080880876983,1.11142346716256e-06,0.000377385754522406
MOK,43.7387166153509,1.06233803851797,0.300721027227577,3.53263637169616,0.00041143796243555,0.00844306746286792
MORN3,28.3684933398554,1.12078647449682,0.385864642195035,2.90461045645722,0.0036771043140416,0.0349502376258375
MVK,40.2612779947343,-1.26662288967972,0.337975422282674,-3.74767751194744,0.000178479520253336,0.00515392327253549
MYLK3,21.4605464053539,2.48010748679894,0.638964229752364,3.88144965135236,0.000103835651169394,0.00374531009913928
MYRF,443.584495269122,-1.07007711916627,0.330250255402415,-3.24020073160085,0.00119445581437099,0.016972303613436
NECAB1,363.629997321296,-1.01444270107024,0.272556047485683,-3.72195998007905,0.000197682359273132,0.00544272614842679
NEK5,85.2748758651805,1.06455468901613,0.329240555562716,3.23336439278163,0.00122341403232774,0.0172421180297626
NFIA-AS2,17.1453779346891,1.60235199813735,0.439187584878177,3.64844556929317,0.000263831783546341,0.0064625661009473
NFYC-AS1,25.1959417390417,-1.0716305345697,0.359366783905906,-2.9819966189482,0.00286375161535456,0.0296213649568292
NINJ2,94.8342895281799,-1.17093481009955,0.311713807422004,-3.75644190991617,0.000172346253157784,0.00512374350977044
NIPA1,98.2372743243045,-1.01036259027599,0.203510335186175,-4.96467459184167,6.88163552538641e-07,0.000282347770910333
NKAIN2,113.718195007634,-1.06345104816415,0.301363737003482,-3.52879566313536,0.000417455330989105,0.00852777771078355
NKX3-1,21.775331692285,1.17781407726515,0.336387190975242,3.50136422808038,0.000462882757874456,0.00922673383965541
NKX6-2,400.51425031252,-1.21944010557576,0.290108861953397,-4.20338798809825,2.62949301517488e-05,0.00180990903662937
NNAT,97.351393846504,1.42076822238782,0.427407400275064,3.32415447526988,0.000886870561712081,0.01404021611122
NPHP1,41.9494113777128,1.15584541319376,0.353245916012235,3.27207013811229,0.00106763086825458,0.0159046311039377
NR4A1,13.7483096207903,1.70839836991205,0.450482781231065,3.79237218622075,0.000149215054211099,0.00462050515351161
NR4A2,45.2187934792099,1.03650807595174,0.325217067573095,3.187126935516,0.00143693696916366,0.0190725675925801
NR4A3,40.3196283087745,1.09273094678526,0.395585496690275,2.76231296629366,0.0057393434317534,0.04705688157575
NRARP,11.2600025275324,1.18227425057497,0.431135211194614,2.7422354284148,0.00610225870478432,0.0490922724395516
NTM-AS1,19.4965438751715,-1.55865472843735,0.432727395997269,-3.60193216989475,0.000315860789613723,0.00723321208215425
NUDT16-DT,7.57678972420352,1.55573844420581,0.522498995290186,2.97749557076522,0.00290613843606108,0.0299375388092311
NUPR1,182.936289936037,1.01805486448154,0.211163992654086,4.82115748847981,1.42727617119174e-06,0.000390399679381253
NYAP2,14.2966322226133,1.15409862966036,0.402559713998958,2.86690046104153,0.0041451336297095,0.0380756817646916
ODAD2,9.19722054132789,2.2210518854989,0.534571580802667,4.15482596767295,3.25535222673045e-05,0.00206809376623321
ODF3B,10.2070076645205,1.58897736621854,0.55759929809028,2.84967605171066,0.0043763778079553,0.0394489545135415
OMG,55.6587241901721,-1.15040037371451,0.306317478940492,-3.75558188090858,0.000172939207718226,0.00512374350977044
OPALIN,228.436982874231,-1.38827812317612,0.375882866689119,-3.69337963021421,0.000221293281903124,0.00591334495857225
OTOS,7.02295009289416,1.7161401286146,0.624446072998131,2.74825994240776,0.00599124893704599,0.0485488906514471
P2RY1,38.6787140262339,1.09654913389704,0.280360661362276,3.91120897121904,9.18352694949963e-05,0.00346475823263306
PALM3,36.087743671093,2.00232824248977,0.470108479460122,4.25928978092304,2.05077465003142e-05,0.00164178682754955
PCBP3-AS1,4.95352653603574,2.4541944360947,0.714482737159159,3.43492474829101,0.000592718395950415,0.0109376415574921
PCED1B,15.2629149550186,1.23113137656041,0.364504552903517,3.37754732212162,0.000731353678683732,0.012416620127584
PCSK6,148.386560579451,-1.43183787736991,0.358476230526388,-3.99423380252407,6.49037945222266e-05,0.00294519661133809
PDE11A,35.3959347521994,-1.15742249388313,0.368674736188188,-3.13941363558021,0.001692863065602,0.0214269521149661
PDE1C,589.145217407439,-1.18256613159851,0.238875999201129,-4.95054394561761,7.4006343150191e-07,0.000291496184399972
PDE6B,86.5775806239684,-1.03493525579395,0.287900068516565,-3.59477252341955,0.000324675132296866,0.00739278013477382
PDLIM1,20.0014218979451,1.02922785930072,0.33218303067325,3.09837578763353,0.00194584519852824,0.0232541302807636
PGR,21.846653685101,1.34718769192254,0.30034142939998,4.48552067762994,7.27360917934189e-06,0.000930171812843891
PHEX,56.6405088691156,1.19396354307287,0.217028185607176,5.50142157679907,3.76741181424236e-08,4.63721301685557e-05
PHYHD1,81.143573314938,1.09253147721411,0.236994406365267,4.60994625978746,4.0277307279072e-06,0.000636586813778523
PIERCE1,14.9611117744768,1.96794338116226,0.584056627456597,3.36943934654435,0.000753212661229974,0.0126784360258659
PIEZO2,573.784104015442,-1.23388604031184,0.326857860397667,-3.77499271031954,0.000160012342691679,0.00484064682835186
PIGH,202.210870411798,-1.12733565676435,0.302725269061617,-3.72395624672775,0.000196124930459396,0.00544272614842679
PIP4K2A,1266.15564231861,-1.07539481197683,0.262734322562352,-4.09308841528163,4.25665316367527e-05,0.00244979474614773
PLAC9,19.6547531463703,1.15620163141048,0.423288640383791,2.73147332837036,0.00630518442686405,0.0499896546307007
PLBD1,6.41390341490759,1.39300692272966,0.50387479540698,2.76458940877272,0.00569944855016715,0.0469516296452275
PLCH2,42.1622839359348,-1.04592095142246,0.378193222008391,-2.76557296788162,0.00568228908951929,0.0469356268634665
PLCL1,270.770882958111,-1.11845488273266,0.251415035839841,-4.44863959307966,8.64158785837986e-06,0.00106367144551833
PLD1,158.879181650067,-1.26513464133974,0.262352684398371,-4.82226680562067,1.41935918209323e-06,0.000390399679381253
PLEKHH1,957.001074687969,-1.08122076939864,0.27942452586987,-3.86945550335182,0.000109078685920383,0.00384952389908228
PLP1,26693.4323523913,-1.07236198089669,0.287148678390948,-3.73451825342094,0.000188074850900731,0.00532176165752728
PNMT,8.49903970479559,2.06322066935853,0.562440284601315,3.6683372899241,0.000244132982910347,0.00616404482748253
POGLUT3,8.12594916793286,1.46704292966296,0.53239395494393,2.75555895411597,0.00585919444341301,0.0476822212266842
POPDC3,40.1608215498358,-1.2615915640593,0.31223535230657,-4.04051480634583,5.33339975620738e-05,0.00267948915302929
PPP1R13L,37.0338748193329,1.10178026502525,0.336948953117988,3.269872943156,0.00107595800771018,0.0159803295654935
PPP1R14A,335.786509660468,-1.31330184206662,0.274272753989508,-4.78830588515859,1.68195145778754e-06,0.000424274352420523
PPP1R32,13.6515946670998,1.42498539421071,0.415675530757979,3.42811950372027,0.000607777854117084,0.0111035037652893
PPP1R3C,97.8075469043841,1.13402677063878,0.234793699381731,4.82988586842384,1.36611332044111e-06,0.000390399679381253
PRANCR,46.8411029304162,-1.07229643536013,0.285622944682679,-3.75423772957536,0.000173869788793899,0.00512603536004049
PRKCQ-AS1,45.2292481960389,-1.03124386816131,0.29086921605801,-3.54538676226103,0.000392037392214287,0.00817879703630102
PROK2,9.23314746374136,1.44224186042108,0.526767278981057,2.73791087254101,0.00618308303280815,0.049379414942467
PRR18,317.849288668721,-1.16326218452473,0.270382025321582,-4.30229111251457,1.69041011019116e-05,0.00149959174369841
PRR29,17.297630480746,1.26444991984423,0.419235207677293,3.01608714318083,0.00256059657959093,0.0277689366951893
PRRG1,243.150020734937,-1.007953820006,0.25035692984245,-4.02606718591857,5.67174895234793e-05,0.00276483722444406
PTK7,11.0918445151181,1.52520866343918,0.52615508834725,2.89878155170968,0.00374615796123761,0.0354355595046174
PWWP2B,13.4504004789648,1.75340794544169,0.518173956858185,3.38382105513954,0.000714845766483876,0.0122783494124841
PXK,1566.77525568471,-1.00165609688498,0.251108733999131,-3.9889337217894,6.63709610264827e-05,0.00296355695061399
PYGM,32.6268148783433,1.17007978897263,0.355724595605593,3.28928559741746,0.00100442048230623,0.0151219019411056
RAB33A,41.2161770284467,-1.24368242630033,0.34815814313617,-3.57217675593447,0.00035402632485274,0.00771803821824441
RARG,28.5686707561858,1.02345285059702,0.313127684052123,3.26848408084753,0.00108125259780363,0.0160094781838964
RASGRP3,179.453836558618,-1.28490514820051,0.308998557228585,-4.15828850375503,3.20640907240586e-05,0.00205022793090782
RASSF2,660.906452362075,-1.0055178404196,0.245252324342681,-4.09993195014386,4.13271640058415e-05,0.00242009896040271
RASSF9,39.4698315479744,1.01974552643355,0.313981722491722,3.24778626711444,0.0011630660125023,0.0167682445462813
RBM47,21.5823802021726,1.49351065082857,0.390046463734703,3.82905830379327,0.000128634532179968,0.00426258234096256
RBP7,65.0450846351891,-1.22083197943187,0.344403530294417,-3.54477196673399,0.000392952882720855,0.00818056455846143
RGCC,94.704930064741,-1.00107633646162,0.215563345734143,-4.64400073700964,3.41726340373416e-06,0.000604770379419479
RGS22,59.8315169010323,1.49186383162921,0.331923324709256,4.49460378518439,6.9699603017363e-06,0.000903068409094702
RIBC2,18.5667827155219,2.28105316266338,0.591460023771278,3.85664807592386,0.000114952474200848,0.00394403140576916
RMST,30.8538226258974,1.28984578590457,0.369609035610649,3.48975718024197,0.000483459616365049,0.0095787260409389
RNASE1,593.551577763659,-1.03951058437879,0.305796789481883,-3.39935087657412,0.000675460022508652,0.0119198115441625
RND3,58.8865740390491,1.23434638568038,0.308564343551048,4.00028846974075,6.32653162557364e-05,0.00291109144472073
RPE65,11.8298315856445,1.59829069481447,0.563408931039088,2.83682172355124,0.00455650462739185,0.0405677224827555
RPGR,126.109098928003,1.14250885343553,0.244434693234242,4.67408631041038,2.95265148486262e-06,0.000570093317087102
RPL19P12,28.4673290997865,-1.1566848033076,0.390291950886586,-2.9636399128398,0.00304023817207365,0.0308949693296276
RSPH1,57.4826733459262,1.32783383437238,0.401126326577206,3.31026349156071,0.00093208184161037,0.0144766717576298
RSPH4A,31.4637615245248,1.46460172648471,0.354716058655168,4.12894113685588,3.64437679766886e-05,0.00224288614541533
RTKN,133.375350116979,-1.04361874690263,0.303215415497619,-3.44183934444725,0.000577773280808456,0.0107548837355782
S100A10,244.076872850008,1.04115922010963,0.264928803260447,3.92995856734417,8.49605002188741e-05,0.00335986363716969
S100A4,21.5264618617241,1.36104825988929,0.406077721014533,3.35169399712175,0.000803187431164555,0.0132257301583234
S1PR5,95.4616068273649,-1.10861620583992,0.311196608740321,-3.56243022803956,0.000367437580706622,0.00787488865659861
SEC14L5,186.563882402398,-1.21086004344597,0.299308332699455,-4.04552734140493,5.22054718774363e-05,0.00263624246962623
SEMA5B,12.2205722961292,1.26202672762001,0.406229111510482,3.10668706860376,0.00189196560181395,0.0228626325995174
SERPING1,168.855933009541,1.00684039229118,0.245644523525466,4.09876995359435,4.15351603846917e-05,0.00242009896040271
SFRP2,54.5461376073511,1.43572803286322,0.291021854386205,4.93340280540551,8.08092626611948e-07,0.000306049542086456
SFRP4,17.1561206898123,1.42520555413308,0.521161316651312,2.73467256413166,0.00624423558969267,0.0496263017366455
SFT2D1,16.6235144917488,-1.13249425729185,0.406143555021159,-2.7884087862304,0.00529676608415327,0.0451187332445132
SGK2,85.4128990457185,-1.04733543609936,0.298931821641997,-3.50359299437068,0.000459026349618377,0.00917672947574898
SH3GL3,679.536323235038,-1.05470668133748,0.251528011417669,-4.19319770944362,2.75049522598293e-05,0.00181772661008416
SH3TC2,392.136280382478,-1.20269071375285,0.309454618095795,-3.88648494294096,0.000101706231982379,0.00370926394937217
SHISA2,9.55334871605021,-1.5615481046743,0.503985947684749,-3.09839611966934,0.00194571169019081,0.0232541302807636
SIDT1,18.5399704286702,1.03674651404433,0.325755298808869,3.18259293965505,0.00145962662172317,0.0192925414014873
SILC1,348.737624856302,-1.19986349407144,0.265212970500134,-4.52415088073844,6.06384562214339e-06,0.000827795077776842
SIX3,14.119114398323,2.12001948987623,0.576476837012203,3.67754496583763,0.000235489572232658,0.00604539942191404
SIX5,22.389413269819,1.40783082912344,0.39203840252681,3.5910533765303,0.000329344171759499,0.00740594656825824
SLAIN1,224.36510442279,-1.10562971150857,0.263400772479529,-4.19751886488676,2.69855184596809e-05,0.00180990903662937
SLC16A12,8.13496834050462,1.49092451016725,0.521525131267199,2.85877788198741,0.00425276448522647,0.0386675640683519
SLC31A2,220.822331126251,-1.12316003234207,0.269874705722363,-4.16178325914519,3.15771990707962e-05,0.00203229202124268
SLC38A11,6.482387613144,1.82624453422671,0.666427852851822,2.74034845094142,0.00613740785605763,0.0491228007386145
SLC47A2,27.3928197000541,2.09454448434556,0.541771316450715,3.86610442588114,0.000110587601838498,0.00384952389908228
SLC5A11,319.606599012866,-1.11542692313986,0.321822448340464,-3.46596991257683,0.000528322398245993,0.0101017294282103
SLCO1A2,2187.21691353444,-1.03937034901856,0.255720293728101,-4.06448128877752,4.81394004063608e-05,0.00258224552713115
SLIT3,15.8579842471384,1.54813452113751,0.4885546016764,3.16880552516612,0.0015306677697092,0.0200431988408597
SPAG17,56.317738517929,2.57961143191066,0.461995922006266,5.58362381362247,2.35557940084055e-08,3.3136271942967e-05
SPAG6,13.3502676448722,1.89245151396424,0.651271080218198,2.90578158841354,0.00366337060736826,0.0349467205761643
SPAG8,25.0254850215981,1.46351741182071,0.44040801084705,3.32309443919035,0.000890247696233498,0.0140710578889426
SPART-AS1,20.4952517518804,-1.24782910666079,0.44002547269136,-2.83581107027417,0.00457094771314134,0.0406228539091181
SPATA17,34.9470187652926,1.24219402390086,0.443297166143262,2.8021700086831,0.00507601164473914,0.0436149342007514
SPATA18,10.2823677877111,2.68601277511217,0.839103105920506,3.20105211881629,0.00136926762421555,0.0184701072543158
SPEF1,7.42436004407165,1.64454320130336,0.569918012060332,2.88557856832444,0.00390694929897623,0.0365700853108545
SPEF2,122.397382180098,1.03094756058572,0.322018511820883,3.20151644312661,0.00136706272575246,0.0184656607139704
SPN,43.7155047927853,1.16128840620126,0.294551231049335,3.94256850349661,8.06136142022925e-05,0.00325328794692612
SPOCK3,264.637082423389,-1.25722000680328,0.262563222143608,-4.78825631609461,1.68236686870269e-06,0.000424274352420523
SPON2,7.99242103800165,1.92504725252857,0.592994556263256,3.24631521857336,0.00116909314261931,0.016829007343432
SPR,16.0740823091251,1.11253194528222,0.396142712712639,2.80841199290027,0.00497864882653271,0.0430797495561227
SRC,10.6602674591922,1.40681909588339,0.420998874844306,3.34162198510307,0.000832904086544458,0.0135340041917546
ST18,558.696290962378,-1.10020989129525,0.275185798077826,-3.99806203292546,6.38632162005223e-05,0.00292449727447082
STK31,11.2326055025937,-1.48395877082202,0.494387633996732,-3.00160980731939,0.00268556162511196,0.0284964712526697
STMN4,866.288430937258,-1.24350171405961,0.290115924435218,-4.28622357245777,1.81736092669216e-05,0.00155613504740328
STMND1,8.27666343404766,2.89335546186086,0.712213948462541,4.06248075891627,4.85539509278458e-05,0.00258438245830539
SYNJ2,1397.28727762254,-1.15863364719474,0.293081327052179,-3.95328374839949,7.7085932752677e-05,0.0032438682898103
SYNPO,93.1528326033628,1.18109448723107,0.351660281909839,3.35862350111489,0.000783317103060308,0.0130292626922886
TEAD2,30.1591580662732,1.01343312049824,0.272302985142291,3.72171138692686,0.0001978771159883,0.00544272614842679
TEKT1,8.02739470216511,2.16535606721838,0.78442451206749,2.76043906571864,0.00577237250801154,0.0472097608690944
TEX26,13.8784663777313,1.44965578214857,0.491190148499787,2.95131281964055,0.00316426269164785,0.0316973496690298
TF,3707.65949308924,-1.19832069757846,0.29319187000224,-4.08715527333452,4.36694862139931e-05,0.00247134155602983
TFCP2L1,5.82632801661612,2.26872027613522,0.711099397923132,3.19044044019913,0.00142056118181857,0.0189319072523074
TGFA,66.0336704467687,-1.0935256632185,0.296457649034757,-3.68864040708321,0.000225455597223899,0.00598399263036048
THBS1,12.3462208433858,1.39271650993075,0.47495011715819,2.93234270214293,0.00336415292531816,0.0328313318687888
TMC1,14.5417402479711,1.31530763702194,0.447689797143188,2.93798886062452,0.00330348893034211,0.0325294554970787
TMC7,72.6785528786351,-1.04981577444669,0.29297923782121,-3.5832429023088,0.000339354765297534,0.00751484249641267
TMEFF2,141.13050845826,-1.02010365270692,0.239962833315163,-4.25109021515484,2.1273245083907e-05,0.00168933584146155
TMEM117,8.73892010035071,-1.34409243552666,0.489448739264308,-2.74613524911101,0.0060301898445075,0.0487114679235975
TMEM125,168.174432266751,-1.2956761421413,0.328294343349385,-3.94669042701838,7.9238903441319e-05,0.0032451219609721
TMEM144,1362.50925240111,-1.02860352155879,0.2811035997107,-3.65916168493533,0.000253041659352554,0.00630810435353062
TMEM151A,131.875739686717,-1.0629493749799,0.365591774494532,-2.9074761773553,0.00364358095318118,0.0348671930475948
TMEM158,52.1235176096106,1.10759436354313,0.326679357162772,3.39046327616978,0.000697746021450212,0.0121907072301173
TMEM235,190.544040208359,-1.27917131339905,0.334416965771596,-3.82507900114348,0.000130730158116248,0.00426258234096256
TMEM273,23.6309000322535,-1.62440312103078,0.426637142676942,-3.8074582790388,0.000140402416521145,0.00447424788182433
TMEM63A,987.826817551821,-1.09326890297367,0.26064322220433,-4.19450348153157,2.73469951594963e-05,0.00181772661008416
TMTC4,217.179698924778,-1.10077156735198,0.27830289350378,-3.95530047673411,7.64385192539131e-05,0.0032438682898103
TNFRSF1A,105.867051826146,1.08224472494043,0.272120252396598,3.9770826147961,6.97659318155858e-05,0.00308065080981199
TOGARAM2,38.7149151128631,1.23414463994819,0.400940978464506,3.07812048714659,0.00208310673006609,0.024390430405423
TRDN,30.4032603471639,1.2748427281081,0.407504734174951,3.12841206787251,0.00175753590454159,0.0219069063949633
TRIM59,146.166547535282,-1.0859245238123,0.277136692848572,-3.91837151786194,8.91492272844941e-05,0.00342375219397904
TRNC,436.336710493989,1.03667103498787,0.251862627994781,4.11601770076563,3.85474714820284e-05,0.0023286929551137
TSPAN6,62.7278884533649,1.08504735139954,0.268886270537183,4.03533936199801,5.45234328404352e-05,0.00271157698575639
TSPYL6,11.8020887114431,-1.30399934751063,0.437290968364128,-2.98199469426224,0.00286376961906178,0.0296213649568292
TTC29,14.4126698558061,1.87390127761782,0.566860119388075,3.30575606490133,0.000947205108357287,0.0146652967012487
TTYH2,369.023034424589,-1.09203733923251,0.274122732454215,-3.98375329712908,6.78352947214177e-05,0.0030088925546027
TYMS,39.5963871164825,-1.15845886252039,0.336228263484648,-3.4454535454997,0.000570101948995299,0.0106523603259141
TYMSOS,90.9671560092666,-1.37102742364914,0.360689395189696,-3.80113039621828,0.000144037472145376,0.00452756974554233
UBXN10,12.4105207806517,2.15754592205262,0.522462581411262,4.12957022917261,3.63441974746401e-05,0.00224288614541533
UGT8,1276.85701296574,-1.04389748515311,0.287620618515027,-3.62942507579151,0.000284053160578207,0.00680552669638348
ULK4,28.2384218847373,1.02451265997068,0.324383441880084,3.1583383357447,0.00158671288054237,0.0205163978489966
UNC5C,98.0572545831241,-1.05016091370626,0.231597553182523,-4.53442145340207,5.77615917417696e-06,0.000824316512871312
UNC93B1,37.0022452720747,1.15974660663211,0.342566048789032,3.38546861468557,0.00071056834697333,0.0122783494124841
USP32P2,20.7047418442224,-1.17568309292724,0.343135483662364,-3.42629412842678,0.000611877406300947,0.0111370736041505
VAT1L,12.3964029097533,-1.24566887265849,0.417216982208732,-2.98566195954911,0.00282965251500817,0.0294852786405137
VCAM1,32.2065040977525,1.45748103918108,0.319706724240722,4.55880633303064,5.14451840239377e-06,0.00075609063743838
VWA3A,104.874378315129,1.35252808814808,0.410949072586331,3.29123041849413,0.000997501722209501,0.0151113837824568
VWCE,7.52627200154322,1.82680892357455,0.591152572435053,3.09024946986128,0.00199988441966132,0.0237263396149458
VXN,81.5127884190176,-1.03931056201654,0.323251328106141,-3.21517801057657,0.00130363653830816,0.0178787033324797
WDR49,36.6978486279075,1.19766868675918,0.343887346011997,3.4827355546761,0.0004963183690939,0.00973555175391958
WEE1,13.1120646209724,1.2009471736974,0.435494645235733,2.75766231992894,0.00582163019077522,0.0475336587799035
WIF1,7.11902259943519,2.34581523157537,0.681996680567086,3.43962851787607,0.000582513140815466,0.0108226545237923
WNT4,6.84762073369117,1.53319508783135,0.503169081698516,3.04707730184026,0.0023107827530942,0.0260346427571151
YAP1,93.8091755448367,1.0059228888452,0.287744076303565,3.49589434391682,0.000472475741301747,0.00939892651434001
ZBBX,48.9746411401246,2.10142949741361,0.403517690859208,5.20777538387239,1.91118074794529e-07,0.000134424263035838
ZC2HC1C,18.8637743449701,1.22116822605389,0.412523028011921,2.96024256376448,0.00307396909998758,0.0310779115065496
ZDHHC11B,62.7123101479699,-1.05829609221779,0.310311096258255,-3.41043586574497,0.000648591361385976,0.0115700708977676
ZDHHC23,22.6471081066255,1.55730153377264,0.511060731203533,3.04719466530963,0.00230988065724709,0.0260346427571151
ZEB2-AS1,563.323111531511,-1.19254128298435,0.28742996943574,-4.14898030753526,3.33959534888389e-05,0.00210801252567049
ZFP57,18.903977117869,-1.37057620466363,0.470278270215771,-2.91439407573474,0.00356379725544678,0.0342384378330501
ZMYND10,19.1437277180563,1.76345579124916,0.535603640385155,3.29246416245612,0.000993135541375339,0.0150684216886332
ZNF503,53.4781648261387,1.15457752859568,0.30746911578922,3.75510081925489,0.000173271716132178,0.00512374350977044
ZNF516,12.6204905238911,1.50881541992,0.537645013475939,2.80634132578545,0.00501075839712687,0.0431679247038567
ZNF536,436.725268989181,-1.09704236072441,0.282033221441047,-3.88976289785679,0.000100342212062512,0.00367312179248905
